{
  "ABIRoot": {
    "kind": "Root",
    "name": "TopLevel",
    "printedName": "TopLevel",
    "children": [
      {
        "kind": "Import",
        "name": "Foundation",
        "printedName": "Foundation",
        "declKind": "Import",
        "moduleName": "LoggingViewKit",
        "declAttributes": [
          "RawDocComment"
        ]
      },
      {
        "kind": "TypeDecl",
        "name": "LVKCounter",
        "printedName": "LVKCounter",
        "children": [
          {
            "kind": "Var",
            "name": "name",
            "printedName": "name",
            "children": [
              {
                "kind": "TypeNominal",
                "name": "String",
                "printedName": "Swift.String",
                "usr": "s:SS"
              }
            ],
            "declKind": "Var",
            "usr": "c:@M@LoggingViewKit@objc(cs)LVKCounter(py)name",
            "mangledName": "$s14LoggingViewKit10LVKCounterC4nameSSvp",
            "moduleName": "LoggingViewKit",
            "declAttributes": [
              "Final",
              "HasStorage",
              "AccessControl",
              "ObjC",
              "RawDocComment"
            ],
            "isLet": true,
            "hasStorage": true,
            "accessors": [
              {
                "kind": "Accessor",
                "name": "Get",
                "printedName": "Get()",
                "children": [
                  {
                    "kind": "TypeNominal",
                    "name": "String",
                    "printedName": "Swift.String",
                    "usr": "s:SS"
                  }
                ],
                "declKind": "Accessor",
                "usr": "c:@M@LoggingViewKit@objc(cs)LVKCounter(im)name",
                "mangledName": "$s14LoggingViewKit10LVKCounterC4nameSSvg",
                "moduleName": "LoggingViewKit",
                "implicit": true,
                "declAttributes": [
                  "Final",
                  "ObjC"
                ],
                "accessorKind": "get"
              }
            ]
          },
          {
            "kind": "Var",
            "name": "count",
            "printedName": "count",
            "children": [
              {
                "kind": "TypeNominal",
                "name": "Int64",
                "printedName": "Swift.Int64",
                "usr": "s:s5Int64V"
              }
            ],
            "declKind": "Var",
            "usr": "c:@M@LoggingViewKit@objc(cs)LVKCounter(py)count",
            "mangledName": "$s14LoggingViewKit10LVKCounterC5counts5Int64Vvp",
            "moduleName": "LoggingViewKit",
            "declAttributes": [
              "HasStorage",
              "SetterAccess",
              "AccessControl",
              "ObjC",
              "RawDocComment"
            ],
            "hasStorage": true,
            "accessors": [
              {
                "kind": "Accessor",
                "name": "Get",
                "printedName": "Get()",
                "children": [
                  {
                    "kind": "TypeNominal",
                    "name": "Int64",
                    "printedName": "Swift.Int64",
                    "usr": "s:s5Int64V"
                  }
                ],
                "declKind": "Accessor",
                "usr": "c:@M@LoggingViewKit@objc(cs)LVKCounter(im)count",
                "mangledName": "$s14LoggingViewKit10LVKCounterC5counts5Int64Vvg",
                "moduleName": "LoggingViewKit",
                "implicit": true,
                "declAttributes": [
                  "ObjC"
                ],
                "accessorKind": "get"
              }
            ]
          },
          {
            "kind": "Var",
            "name": "createdAt",
            "printedName": "createdAt",
            "children": [
              {
                "kind": "TypeNominal",
                "name": "Date",
                "printedName": "Foundation.Date",
                "usr": "s:10Foundation4DateV"
              }
            ],
            "declKind": "Var",
            "usr": "c:@M@LoggingViewKit@objc(cs)LVKCounter(py)createdAt",
            "mangledName": "$s14LoggingViewKit10LVKCounterC9createdAt10Foundation4DateVvp",
            "moduleName": "LoggingViewKit",
            "declAttributes": [
              "Final",
              "HasStorage",
              "AccessControl",
              "ObjC",
              "RawDocComment"
            ],
            "isLet": true,
            "hasStorage": true,
            "accessors": [
              {
                "kind": "Accessor",
                "name": "Get",
                "printedName": "Get()",
                "children": [
                  {
                    "kind": "TypeNominal",
                    "name": "Date",
                    "printedName": "Foundation.Date",
                    "usr": "s:10Foundation4DateV"
                  }
                ],
                "declKind": "Accessor",
                "usr": "c:@M@LoggingViewKit@objc(cs)LVKCounter(im)createdAt",
                "mangledName": "$s14LoggingViewKit10LVKCounterC9createdAt10Foundation4DateVvg",
                "moduleName": "LoggingViewKit",
                "implicit": true,
                "declAttributes": [
                  "Final",
                  "ObjC"
                ],
                "accessorKind": "get"
              }
            ]
          },
          {
            "kind": "Var",
            "name": "lastUpdatedAt",
            "printedName": "lastUpdatedAt",
            "children": [
              {
                "kind": "TypeNominal",
                "name": "Date",
                "printedName": "Foundation.Date",
                "usr": "s:10Foundation4DateV"
              }
            ],
            "declKind": "Var",
            "usr": "c:@M@LoggingViewKit@objc(cs)LVKCounter(py)lastUpdatedAt",
            "mangledName": "$s14LoggingViewKit10LVKCounterC13lastUpdatedAt10Foundation4DateVvp",
            "moduleName": "LoggingViewKit",
            "declAttributes": [
              "AccessControl",
              "ObjC",
              "RawDocComment"
            ],
            "accessors": [
              {
                "kind": "Accessor",
                "name": "Get",
                "printedName": "Get()",
                "children": [
                  {
                    "kind": "TypeNominal",
                    "name": "Date",
                    "printedName": "Foundation.Date",
                    "usr": "s:10Foundation4DateV"
                  }
                ],
                "declKind": "Accessor",
                "usr": "c:@M@LoggingViewKit@objc(cs)LVKCounter(im)lastUpdatedAt",
                "mangledName": "$s14LoggingViewKit10LVKCounterC13lastUpdatedAt10Foundation4DateVvg",
                "moduleName": "LoggingViewKit",
                "declAttributes": [
                  "ObjC"
                ],
                "accessorKind": "get"
              }
            ]
          },
          {
            "kind": "Constructor",
            "name": "init",
            "printedName": "init(name:database:)",
            "children": [
              {
                "kind": "TypeNominal",
                "name": "LVKCounter",
                "printedName": "LoggingViewKit.LVKCounter",
                "usr": "c:@M@LoggingViewKit@objc(cs)LVKCounter"
              },
              {
                "kind": "TypeNominal",
                "name": "String",
                "printedName": "Swift.String",
                "usr": "s:SS"
              },
              {
                "kind": "TypeNominal",
                "name": "LGVDatabase",
                "printedName": "any LoggingViewKit.LGVDatabase",
                "usr": "c:objc(pl)LGVDatabase"
              }
            ],
            "declKind": "Constructor",
            "usr": "c:@M@LoggingViewKit@objc(cs)LVKCounter(im)initWithName:database:",
            "mangledName": "$s14LoggingViewKit10LVKCounterC4name8databaseACSS_So11LGVDatabase_ptcfc",
            "moduleName": "LoggingViewKit",
            "objc_name": "initWithName:database:",
            "declAttributes": [
              "Convenience",
              "AccessControl",
              "ObjC",
              "RawDocComment"
            ],
            "init_kind": "Convenience"
          },
          {
            "kind": "Constructor",
            "name": "init",
            "printedName": "init(name:count:createdAt:updatedAt:database:)",
            "children": [
              {
                "kind": "TypeNominal",
                "name": "LVKCounter",
                "printedName": "LoggingViewKit.LVKCounter",
                "usr": "c:@M@LoggingViewKit@objc(cs)LVKCounter"
              },
              {
                "kind": "TypeNominal",
                "name": "String",
                "printedName": "Swift.String",
                "usr": "s:SS"
              },
              {
                "kind": "TypeNominal",
                "name": "Int64",
                "printedName": "Swift.Int64",
                "usr": "s:s5Int64V"
              },
              {
                "kind": "TypeNominal",
                "name": "Date",
                "printedName": "Foundation.Date",
                "usr": "s:10Foundation4DateV"
              },
              {
                "kind": "TypeNominal",
                "name": "Optional",
                "printedName": "Foundation.Date?",
                "children": [
                  {
                    "kind": "TypeNominal",
                    "name": "Date",
                    "printedName": "Foundation.Date",
                    "usr": "s:10Foundation4DateV"
                  }
                ],
                "usr": "s:Sq"
              },
              {
                "kind": "TypeNominal",
                "name": "LGVDatabase",
                "printedName": "any LoggingViewKit.LGVDatabase",
                "usr": "c:objc(pl)LGVDatabase"
              }
            ],
            "declKind": "Constructor",
            "usr": "c:@M@LoggingViewKit@objc(cs)LVKCounter(im)initWithName:count:createdAt:updatedAt:database:",
            "mangledName": "$s14LoggingViewKit10LVKCounterC4name5count9createdAt07updatedH08databaseACSS_s5Int64V10Foundation4DateVAMSgSo11LGVDatabase_ptcfc",
            "moduleName": "LoggingViewKit",
            "objc_name": "initWithName:count:createdAt:updatedAt:database:",
            "declAttributes": [
              "AccessControl",
              "ObjC",
              "RawDocComment"
            ],
            "init_kind": "Designated"
          },
          {
            "kind": "Var",
            "name": "description",
            "printedName": "description",
            "children": [
              {
                "kind": "TypeNominal",
                "name": "String",
                "printedName": "Swift.String",
                "usr": "s:SS"
              }
            ],
            "declKind": "Var",
            "usr": "c:@M@LoggingViewKit@objc(cs)LVKCounter(py)description",
            "mangledName": "$s14LoggingViewKit10LVKCounterC11descriptionSSvp",
            "moduleName": "LoggingViewKit",
            "overriding": true,
            "objc_name": "description",
            "declAttributes": [
              "Dynamic",
              "ObjC",
              "AccessControl",
              "Override"
            ],
            "accessors": [
              {
                "kind": "Accessor",
                "name": "Get",
                "printedName": "Get()",
                "children": [
                  {
                    "kind": "TypeNominal",
                    "name": "String",
                    "printedName": "Swift.String",
                    "usr": "s:SS"
                  }
                ],
                "declKind": "Accessor",
                "usr": "c:@M@LoggingViewKit@objc(cs)LVKCounter(im)description",
                "mangledName": "$s14LoggingViewKit10LVKCounterC11descriptionSSvg",
                "moduleName": "LoggingViewKit",
                "overriding": true,
                "objc_name": "description",
                "declAttributes": [
                  "Dynamic",
                  "ObjC"
                ],
                "accessorKind": "get"
              }
            ]
          },
          {
            "kind": "Constructor",
            "name": "init",
            "printedName": "init()",
            "children": [
              {
                "kind": "TypeNominal",
                "name": "LVKCounter",
                "printedName": "LoggingViewKit.LVKCounter",
                "usr": "c:@M@LoggingViewKit@objc(cs)LVKCounter"
              }
            ],
            "declKind": "Constructor",
            "usr": "c:@M@LoggingViewKit@objc(cs)LVKCounter(im)init",
            "mangledName": "$s14LoggingViewKit10LVKCounterCACycfc",
            "moduleName": "LoggingViewKit",
            "overriding": true,
            "implicit": true,
            "objc_name": "init",
            "declAttributes": [
              "Dynamic",
              "ObjC",
              "Override"
            ],
            "init_kind": "Designated"
          },
          {
            "kind": "Function",
            "name": "increase",
            "printedName": "increase()",
            "children": [
              {
                "kind": "TypeNominal",
                "name": "Bool",
                "printedName": "Swift.Bool",
                "usr": "s:Sb"
              }
            ],
            "declKind": "Func",
            "usr": "c:@CM@LoggingViewKit@objc(cs)LVKCounter(im)increase",
            "mangledName": "$s14LoggingViewKit10LVKCounterC8increaseSbyF",
            "moduleName": "LoggingViewKit",
            "declAttributes": [
              "Dynamic",
              "DiscardableResult",
              "RawDocComment",
              "ObjC"
            ],
            "isFromExtension": true,
            "funcSelfKind": "NonMutating"
          },
          {
            "kind": "Function",
            "name": "increase",
            "printedName": "increase(withCondition:)",
            "children": [
              {
                "kind": "TypeNominal",
                "name": "Bool",
                "printedName": "Swift.Bool",
                "usr": "s:Sb"
              },
              {
                "kind": "TypeNominal",
                "name": "LVKIncrementCondition",
                "printedName": "LoggingViewKit.LVKIncrementCondition",
                "usr": "c:@M@LoggingViewKit@E@LVKIncrementCondition"
              }
            ],
            "declKind": "Func",
            "usr": "c:@CM@LoggingViewKit@objc(cs)LVKCounter(im)increaseWithCondition:",
            "mangledName": "$s14LoggingViewKit10LVKCounterC8increase13withConditionSbAA012LVKIncrementG0O_tF",
            "moduleName": "LoggingViewKit",
            "declAttributes": [
              "Dynamic",
              "DiscardableResult",
              "RawDocComment",
              "ObjC"
            ],
            "isFromExtension": true,
            "funcSelfKind": "NonMutating"
          },
          {
            "kind": "Function",
            "name": "reset",
            "printedName": "reset()",
            "children": [
              {
                "kind": "TypeNominal",
                "name": "Bool",
                "printedName": "Swift.Bool",
                "usr": "s:Sb"
              }
            ],
            "declKind": "Func",
            "usr": "c:@CM@LoggingViewKit@objc(cs)LVKCounter(im)reset",
            "mangledName": "$s14LoggingViewKit10LVKCounterC5resetSbyF",
            "moduleName": "LoggingViewKit",
            "declAttributes": [
              "Dynamic",
              "DiscardableResult",
              "RawDocComment",
              "ObjC"
            ],
            "isFromExtension": true,
            "funcSelfKind": "NonMutating"
          },
          {
            "kind": "Function",
            "name": "reset",
            "printedName": "reset(initialValue:)",
            "children": [
              {
                "kind": "TypeNominal",
                "name": "Bool",
                "printedName": "Swift.Bool",
                "usr": "s:Sb"
              },
              {
                "kind": "TypeNominal",
                "name": "Int64",
                "printedName": "Swift.Int64",
                "usr": "s:s5Int64V"
              }
            ],
            "declKind": "Func",
            "usr": "c:@CM@LoggingViewKit@objc(cs)LVKCounter(im)resetWithInitialValue:",
            "mangledName": "$s14LoggingViewKit10LVKCounterC5reset12initialValueSbs5Int64V_tF",
            "moduleName": "LoggingViewKit",
            "declAttributes": [
              "Dynamic",
              "DiscardableResult",
              "RawDocComment",
              "ObjC"
            ],
            "isFromExtension": true,
            "funcSelfKind": "NonMutating"
          }
        ],
        "declKind": "Class",
        "usr": "c:@M@LoggingViewKit@objc(cs)LVKCounter",
        "mangledName": "$s14LoggingViewKit10LVKCounterC",
        "moduleName": "LoggingViewKit",
        "objc_name": "LVKCounter",
        "declAttributes": [
          "AccessControl",
          "ObjC"
        ],
        "superclassUsr": "c:objc(cs)NSObject",
        "superclassNames": [
          "ObjectiveC.NSObject"
        ],
        "conformances": [
          {
            "kind": "Conformance",
            "name": "Equatable",
            "printedName": "Equatable",
            "usr": "s:SQ",
            "mangledName": "$sSQ"
          },
          {
            "kind": "Conformance",
            "name": "Hashable",
            "printedName": "Hashable",
            "usr": "s:SH",
            "mangledName": "$sSH"
          },
          {
            "kind": "Conformance",
            "name": "CVarArg",
            "printedName": "CVarArg",
            "usr": "s:s7CVarArgP",
            "mangledName": "$ss7CVarArgP"
          },
          {
            "kind": "Conformance",
            "name": "_KeyValueCodingAndObservingPublishing",
            "printedName": "_KeyValueCodingAndObservingPublishing",
            "usr": "s:10Foundation37_KeyValueCodingAndObservingPublishingP",
            "mangledName": "$s10Foundation37_KeyValueCodingAndObservingPublishingP"
          },
          {
            "kind": "Conformance",
            "name": "_KeyValueCodingAndObserving",
            "printedName": "_KeyValueCodingAndObserving",
            "usr": "s:10Foundation27_KeyValueCodingAndObservingP",
            "mangledName": "$s10Foundation27_KeyValueCodingAndObservingP"
          },
          {
            "kind": "Conformance",
            "name": "CustomStringConvertible",
            "printedName": "CustomStringConvertible",
            "usr": "s:s23CustomStringConvertibleP",
            "mangledName": "$ss23CustomStringConvertibleP"
          },
          {
            "kind": "Conformance",
            "name": "CustomDebugStringConvertible",
            "printedName": "CustomDebugStringConvertible",
            "usr": "s:s28CustomDebugStringConvertibleP",
            "mangledName": "$ss28CustomDebugStringConvertibleP"
          }
        ]
      },
      {
        "kind": "Import",
        "name": "Foundation",
        "printedName": "Foundation",
        "declKind": "Import",
        "moduleName": "LoggingViewKit",
        "declAttributes": [
          "RawDocComment"
        ]
      },
      {
        "kind": "TypeDecl",
        "name": "LVKLoggerSwift",
        "printedName": "LVKLoggerSwift",
        "children": [
          {
            "kind": "Constructor",
            "name": "init",
            "printedName": "init(identifier:withDefaultDestination:)",
            "children": [
              {
                "kind": "TypeNominal",
                "name": "LVKLoggerSwift",
                "printedName": "LoggingViewKit.LVKLoggerSwift",
                "usr": "s:14LoggingViewKit14LVKLoggerSwiftC"
              },
              {
                "kind": "TypeNominal",
                "name": "String",
                "printedName": "Swift.String",
                "usr": "s:SS"
              },
              {
                "kind": "TypeNominal",
                "name": "Bool",
                "printedName": "Swift.Bool",
                "hasDefaultArg": true,
                "usr": "s:Sb"
              }
            ],
            "declKind": "Constructor",
            "usr": "s:14LoggingViewKit14LVKLoggerSwiftC10identifier22withDefaultDestinationACSS_Sbtcfc",
            "mangledName": "$s14LoggingViewKit14LVKLoggerSwiftC10identifier22withDefaultDestinationACSS_Sbtcfc",
            "moduleName": "LoggingViewKit",
            "declAttributes": [
              "AccessControl",
              "RawDocComment"
            ],
            "init_kind": "Designated"
          },
          {
            "kind": "Var",
            "name": "logLevel",
            "printedName": "logLevel",
            "children": [
              {
                "kind": "TypeNominal",
                "name": "LGVLogLevel",
                "printedName": "LoggingViewKit.LGVLogLevel",
                "usr": "c:@E@LGVLogLevel"
              }
            ],
            "declKind": "Var",
            "usr": "s:14LoggingViewKit14LVKLoggerSwiftC8logLevelSo06LGVLogG0Vvp",
            "mangledName": "$s14LoggingViewKit14LVKLoggerSwiftC8logLevelSo06LGVLogG0Vvp",
            "moduleName": "LoggingViewKit",
            "declAttributes": [
              "RawDocComment"
            ],
            "isFromExtension": true,
            "accessors": [
              {
                "kind": "Accessor",
                "name": "Get",
                "printedName": "Get()",
                "children": [
                  {
                    "kind": "TypeNominal",
                    "name": "LGVLogLevel",
                    "printedName": "LoggingViewKit.LGVLogLevel",
                    "usr": "c:@E@LGVLogLevel"
                  }
                ],
                "declKind": "Accessor",
                "usr": "s:14LoggingViewKit14LVKLoggerSwiftC8logLevelSo06LGVLogG0Vvg",
                "mangledName": "$s14LoggingViewKit14LVKLoggerSwiftC8logLevelSo06LGVLogG0Vvg",
                "moduleName": "LoggingViewKit",
                "isFromExtension": true,
                "accessorKind": "get"
              },
              {
                "kind": "Accessor",
                "name": "Set",
                "printedName": "Set()",
                "children": [
                  {
                    "kind": "TypeNominal",
                    "name": "Void",
                    "printedName": "()"
                  },
                  {
                    "kind": "TypeNominal",
                    "name": "LGVLogLevel",
                    "printedName": "LoggingViewKit.LGVLogLevel",
                    "usr": "c:@E@LGVLogLevel"
                  }
                ],
                "declKind": "Accessor",
                "usr": "s:14LoggingViewKit14LVKLoggerSwiftC8logLevelSo06LGVLogG0Vvs",
                "mangledName": "$s14LoggingViewKit14LVKLoggerSwiftC8logLevelSo06LGVLogG0Vvs",
                "moduleName": "LoggingViewKit",
                "isFromExtension": true,
                "accessorKind": "set"
              },
              {
                "kind": "Accessor",
                "name": "Modify",
                "printedName": "Modify()",
                "children": [
                  {
                    "kind": "TypeNominal",
                    "name": "Void",
                    "printedName": "()"
                  }
                ],
                "declKind": "Accessor",
                "usr": "s:14LoggingViewKit14LVKLoggerSwiftC8logLevelSo06LGVLogG0VvM",
                "mangledName": "$s14LoggingViewKit14LVKLoggerSwiftC8logLevelSo06LGVLogG0VvM",
                "moduleName": "LoggingViewKit",
                "implicit": true,
                "isFromExtension": true,
                "accessorKind": "_modify"
              }
            ]
          },
          {
            "kind": "Var",
            "name": "serializer",
            "printedName": "serializer",
            "children": [
              {
                "kind": "TypeNominal",
                "name": "LGVSerializer",
                "printedName": "any LoggingViewKit.LGVSerializer",
                "usr": "c:objc(pl)LGVSerializer"
              }
            ],
            "declKind": "Var",
            "usr": "s:14LoggingViewKit14LVKLoggerSwiftC10serializerSo13LGVSerializer_pvp",
            "mangledName": "$s14LoggingViewKit14LVKLoggerSwiftC10serializerSo13LGVSerializer_pvp",
            "moduleName": "LoggingViewKit",
            "declAttributes": [
              "RawDocComment"
            ],
            "isFromExtension": true,
            "accessors": [
              {
                "kind": "Accessor",
                "name": "Get",
                "printedName": "Get()",
                "children": [
                  {
                    "kind": "TypeNominal",
                    "name": "LGVSerializer",
                    "printedName": "any LoggingViewKit.LGVSerializer",
                    "usr": "c:objc(pl)LGVSerializer"
                  }
                ],
                "declKind": "Accessor",
                "usr": "s:14LoggingViewKit14LVKLoggerSwiftC10serializerSo13LGVSerializer_pvg",
                "mangledName": "$s14LoggingViewKit14LVKLoggerSwiftC10serializerSo13LGVSerializer_pvg",
                "moduleName": "LoggingViewKit",
                "isFromExtension": true,
                "accessorKind": "get"
              },
              {
                "kind": "Accessor",
                "name": "Set",
                "printedName": "Set()",
                "children": [
                  {
                    "kind": "TypeNominal",
                    "name": "Void",
                    "printedName": "()"
                  },
                  {
                    "kind": "TypeNominal",
                    "name": "LGVSerializer",
                    "printedName": "any LoggingViewKit.LGVSerializer",
                    "usr": "c:objc(pl)LGVSerializer"
                  }
                ],
                "declKind": "Accessor",
                "usr": "s:14LoggingViewKit14LVKLoggerSwiftC10serializerSo13LGVSerializer_pvs",
                "mangledName": "$s14LoggingViewKit14LVKLoggerSwiftC10serializerSo13LGVSerializer_pvs",
                "moduleName": "LoggingViewKit",
                "isFromExtension": true,
                "accessorKind": "set"
              },
              {
                "kind": "Accessor",
                "name": "Modify",
                "printedName": "Modify()",
                "children": [
                  {
                    "kind": "TypeNominal",
                    "name": "Void",
                    "printedName": "()"
                  }
                ],
                "declKind": "Accessor",
                "usr": "s:14LoggingViewKit14LVKLoggerSwiftC10serializerSo13LGVSerializer_pvM",
                "mangledName": "$s14LoggingViewKit14LVKLoggerSwiftC10serializerSo13LGVSerializer_pvM",
                "moduleName": "LoggingViewKit",
                "implicit": true,
                "isFromExtension": true,
                "accessorKind": "_modify"
              }
            ]
          },
          {
            "kind": "Function",
            "name": "add",
            "printedName": "add(destination:)",
            "children": [
              {
                "kind": "TypeNominal",
                "name": "DynamicSelf",
                "printedName": "Self"
              },
              {
                "kind": "TypeNominal",
                "name": "LGVDestination",
                "printedName": "any LoggingViewKit.LGVDestination",
                "usr": "c:objc(pl)LGVDestination"
              }
            ],
            "declKind": "Func",
            "usr": "s:14LoggingViewKit14LVKLoggerSwiftC3add11destinationACXDSo14LGVDestination_p_tF",
            "mangledName": "$s14LoggingViewKit14LVKLoggerSwiftC3add11destinationACXDSo14LGVDestination_p_tF",
            "moduleName": "LoggingViewKit",
            "declAttributes": [
              "DiscardableResult",
              "RawDocComment"
            ],
            "isFromExtension": true,
            "funcSelfKind": "NonMutating"
          },
          {
            "kind": "Function",
            "name": "debug",
            "printedName": "debug(_:file:function:line:)",
            "children": [
              {
                "kind": "TypeNominal",
                "name": "Void",
                "printedName": "()"
              },
              {
                "kind": "TypeNominal",
                "name": "Optional",
                "printedName": "Any?",
                "children": [
                  {
                    "kind": "TypeNominal",
                    "name": "ProtocolComposition",
                    "printedName": "Any"
                  }
                ],
                "usr": "s:Sq"
              },
              {
                "kind": "TypeNominal",
                "name": "String",
                "printedName": "Swift.String",
                "hasDefaultArg": true,
                "usr": "s:SS"
              },
              {
                "kind": "TypeNominal",
                "name": "String",
                "printedName": "Swift.String",
                "hasDefaultArg": true,
                "usr": "s:SS"
              },
              {
                "kind": "TypeNominal",
                "name": "Int",
                "printedName": "Swift.Int",
                "hasDefaultArg": true,
                "usr": "s:Si"
              }
            ],
            "declKind": "Func",
            "usr": "s:14LoggingViewKit14LVKLoggerSwiftC5debug_4file8function4lineyypSg_S2SSitF",
            "mangledName": "$s14LoggingViewKit14LVKLoggerSwiftC5debug_4file8function4lineyypSg_S2SSitF",
            "moduleName": "LoggingViewKit",
            "declAttributes": [
              "RawDocComment"
            ],
            "isFromExtension": true,
            "funcSelfKind": "NonMutating"
          },
          {
            "kind": "Function",
            "name": "info",
            "printedName": "info(_:file:function:line:)",
            "children": [
              {
                "kind": "TypeNominal",
                "name": "Void",
                "printedName": "()"
              },
              {
                "kind": "TypeNominal",
                "name": "Optional",
                "printedName": "Any?",
                "children": [
                  {
                    "kind": "TypeNominal",
                    "name": "ProtocolComposition",
                    "printedName": "Any"
                  }
                ],
                "usr": "s:Sq"
              },
              {
                "kind": "TypeNominal",
                "name": "String",
                "printedName": "Swift.String",
                "hasDefaultArg": true,
                "usr": "s:SS"
              },
              {
                "kind": "TypeNominal",
                "name": "String",
                "printedName": "Swift.String",
                "hasDefaultArg": true,
                "usr": "s:SS"
              },
              {
                "kind": "TypeNominal",
                "name": "Int",
                "printedName": "Swift.Int",
                "hasDefaultArg": true,
                "usr": "s:Si"
              }
            ],
            "declKind": "Func",
            "usr": "s:14LoggingViewKit14LVKLoggerSwiftC4info_4file8function4lineyypSg_S2SSitF",
            "mangledName": "$s14LoggingViewKit14LVKLoggerSwiftC4info_4file8function4lineyypSg_S2SSitF",
            "moduleName": "LoggingViewKit",
            "declAttributes": [
              "RawDocComment"
            ],
            "isFromExtension": true,
            "funcSelfKind": "NonMutating"
          },
          {
            "kind": "Function",
            "name": "warning",
            "printedName": "warning(_:file:function:line:)",
            "children": [
              {
                "kind": "TypeNominal",
                "name": "Void",
                "printedName": "()"
              },
              {
                "kind": "TypeNominal",
                "name": "Optional",
                "printedName": "Any?",
                "children": [
                  {
                    "kind": "TypeNominal",
                    "name": "ProtocolComposition",
                    "printedName": "Any"
                  }
                ],
                "usr": "s:Sq"
              },
              {
                "kind": "TypeNominal",
                "name": "String",
                "printedName": "Swift.String",
                "hasDefaultArg": true,
                "usr": "s:SS"
              },
              {
                "kind": "TypeNominal",
                "name": "String",
                "printedName": "Swift.String",
                "hasDefaultArg": true,
                "usr": "s:SS"
              },
              {
                "kind": "TypeNominal",
                "name": "Int",
                "printedName": "Swift.Int",
                "hasDefaultArg": true,
                "usr": "s:Si"
              }
            ],
            "declKind": "Func",
            "usr": "s:14LoggingViewKit14LVKLoggerSwiftC7warning_4file8function4lineyypSg_S2SSitF",
            "mangledName": "$s14LoggingViewKit14LVKLoggerSwiftC7warning_4file8function4lineyypSg_S2SSitF",
            "moduleName": "LoggingViewKit",
            "declAttributes": [
              "RawDocComment"
            ],
            "isFromExtension": true,
            "funcSelfKind": "NonMutating"
          },
          {
            "kind": "Function",
            "name": "error",
            "printedName": "error(_:file:function:line:)",
            "children": [
              {
                "kind": "TypeNominal",
                "name": "Void",
                "printedName": "()"
              },
              {
                "kind": "TypeNominal",
                "name": "Optional",
                "printedName": "Any?",
                "children": [
                  {
                    "kind": "TypeNominal",
                    "name": "ProtocolComposition",
                    "printedName": "Any"
                  }
                ],
                "usr": "s:Sq"
              },
              {
                "kind": "TypeNominal",
                "name": "String",
                "printedName": "Swift.String",
                "hasDefaultArg": true,
                "usr": "s:SS"
              },
              {
                "kind": "TypeNominal",
                "name": "String",
                "printedName": "Swift.String",
                "hasDefaultArg": true,
                "usr": "s:SS"
              },
              {
                "kind": "TypeNominal",
                "name": "Int",
                "printedName": "Swift.Int",
                "hasDefaultArg": true,
                "usr": "s:Si"
              }
            ],
            "declKind": "Func",
            "usr": "s:14LoggingViewKit14LVKLoggerSwiftC5error_4file8function4lineyypSg_S2SSitF",
            "mangledName": "$s14LoggingViewKit14LVKLoggerSwiftC5error_4file8function4lineyypSg_S2SSitF",
            "moduleName": "LoggingViewKit",
            "declAttributes": [
              "RawDocComment"
            ],
            "isFromExtension": true,
            "funcSelfKind": "NonMutating"
          }
        ],
        "declKind": "Class",
        "usr": "s:14LoggingViewKit14LVKLoggerSwiftC",
        "mangledName": "$s14LoggingViewKit14LVKLoggerSwiftC",
        "moduleName": "LoggingViewKit",
        "declAttributes": [
          "AccessControl",
          "RawDocComment"
        ]
      },
      {
        "kind": "Import",
        "name": "Foundation",
        "printedName": "Foundation",
        "declKind": "Import",
        "moduleName": "LoggingViewKit",
        "declAttributes": [
          "RawDocComment"
        ]
      },
      {
        "kind": "TypeDecl",
        "name": "LVKIncrementCondition",
        "printedName": "LVKIncrementCondition",
        "children": [
          {
            "kind": "Var",
            "name": "anyTime",
            "printedName": "anyTime",
            "children": [
              {
                "kind": "TypeFunc",
                "name": "Function",
                "printedName": "(LoggingViewKit.LVKIncrementCondition.Type) -> LoggingViewKit.LVKIncrementCondition",
                "children": [
                  {
                    "kind": "TypeNominal",
                    "name": "LVKIncrementCondition",
                    "printedName": "LoggingViewKit.LVKIncrementCondition",
                    "usr": "c:@M@LoggingViewKit@E@LVKIncrementCondition"
                  },
                  {
                    "kind": "TypeNominal",
                    "name": "Metatype",
                    "printedName": "LoggingViewKit.LVKIncrementCondition.Type",
                    "children": [
                      {
                        "kind": "TypeNominal",
                        "name": "LVKIncrementCondition",
                        "printedName": "LoggingViewKit.LVKIncrementCondition",
                        "usr": "c:@M@LoggingViewKit@E@LVKIncrementCondition"
                      }
                    ]
                  }
                ]
              }
            ],
            "declKind": "EnumElement",
            "usr": "c:@M@LoggingViewKit@E@LVKIncrementCondition@LVKIncrementConditionAnyTime",
            "mangledName": "$s14LoggingViewKit21LVKIncrementConditionO7anyTimeyA2CmF",
            "moduleName": "LoggingViewKit",
            "declAttributes": [
              "RawDocComment",
              "ObjC"
            ],
            "fixedbinaryorder": 0
          },
          {
            "kind": "Var",
            "name": "onceADay",
            "printedName": "onceADay",
            "children": [
              {
                "kind": "TypeFunc",
                "name": "Function",
                "printedName": "(LoggingViewKit.LVKIncrementCondition.Type) -> LoggingViewKit.LVKIncrementCondition",
                "children": [
                  {
                    "kind": "TypeNominal",
                    "name": "LVKIncrementCondition",
                    "printedName": "LoggingViewKit.LVKIncrementCondition",
                    "usr": "c:@M@LoggingViewKit@E@LVKIncrementCondition"
                  },
                  {
                    "kind": "TypeNominal",
                    "name": "Metatype",
                    "printedName": "LoggingViewKit.LVKIncrementCondition.Type",
                    "children": [
                      {
                        "kind": "TypeNominal",
                        "name": "LVKIncrementCondition",
                        "printedName": "LoggingViewKit.LVKIncrementCondition",
                        "usr": "c:@M@LoggingViewKit@E@LVKIncrementCondition"
                      }
                    ]
                  }
                ]
              }
            ],
            "declKind": "EnumElement",
            "usr": "c:@M@LoggingViewKit@E@LVKIncrementCondition@LVKIncrementConditionOnceADay",
            "mangledName": "$s14LoggingViewKit21LVKIncrementConditionO8onceADayyA2CmF",
            "moduleName": "LoggingViewKit",
            "declAttributes": [
              "RawDocComment",
              "ObjC"
            ],
            "fixedbinaryorder": 1
          },
          {
            "kind": "Constructor",
            "name": "init",
            "printedName": "init(rawValue:)",
            "children": [
              {
                "kind": "TypeNominal",
                "name": "Optional",
                "printedName": "LoggingViewKit.LVKIncrementCondition?",
                "children": [
                  {
                    "kind": "TypeNominal",
                    "name": "LVKIncrementCondition",
                    "printedName": "LoggingViewKit.LVKIncrementCondition",
                    "usr": "c:@M@LoggingViewKit@E@LVKIncrementCondition"
                  }
                ],
                "usr": "s:Sq"
              },
              {
                "kind": "TypeNominal",
                "name": "Int",
                "printedName": "Swift.Int",
                "usr": "s:Si"
              }
            ],
            "declKind": "Constructor",
            "usr": "s:14LoggingViewKit21LVKIncrementConditionO8rawValueACSgSi_tcfc",
            "mangledName": "$s14LoggingViewKit21LVKIncrementConditionO8rawValueACSgSi_tcfc",
            "moduleName": "LoggingViewKit",
            "implicit": true,
            "init_kind": "Designated"
          },
          {
            "kind": "Var",
            "name": "rawValue",
            "printedName": "rawValue",
            "children": [
              {
                "kind": "TypeNominal",
                "name": "Int",
                "printedName": "Swift.Int",
                "usr": "s:Si"
              }
            ],
            "declKind": "Var",
            "usr": "s:14LoggingViewKit21LVKIncrementConditionO8rawValueSivp",
            "mangledName": "$s14LoggingViewKit21LVKIncrementConditionO8rawValueSivp",
            "moduleName": "LoggingViewKit",
            "implicit": true,
            "accessors": [
              {
                "kind": "Accessor",
                "name": "Get",
                "printedName": "Get()",
                "children": [
                  {
                    "kind": "TypeNominal",
                    "name": "Int",
                    "printedName": "Swift.Int",
                    "usr": "s:Si"
                  }
                ],
                "declKind": "Accessor",
                "usr": "s:14LoggingViewKit21LVKIncrementConditionO8rawValueSivg",
                "mangledName": "$s14LoggingViewKit21LVKIncrementConditionO8rawValueSivg",
                "moduleName": "LoggingViewKit",
                "implicit": true,
                "accessorKind": "get"
              }
            ]
          }
        ],
        "declKind": "Enum",
        "usr": "c:@M@LoggingViewKit@E@LVKIncrementCondition",
        "mangledName": "$s14LoggingViewKit21LVKIncrementConditionO",
        "moduleName": "LoggingViewKit",
        "objc_name": "LVKIncrementCondition",
        "declAttributes": [
          "AccessControl",
          "ObjC"
        ],
        "enumRawTypeName": "Int",
        "conformances": [
          {
            "kind": "Conformance",
            "name": "Equatable",
            "printedName": "Equatable",
            "usr": "s:SQ",
            "mangledName": "$sSQ"
          },
          {
            "kind": "Conformance",
            "name": "Hashable",
            "printedName": "Hashable",
            "usr": "s:SH",
            "mangledName": "$sSH"
          },
          {
            "kind": "Conformance",
            "name": "RawRepresentable",
            "printedName": "RawRepresentable",
            "children": [
              {
                "kind": "TypeWitness",
                "name": "RawValue",
                "printedName": "RawValue",
                "children": [
                  {
                    "kind": "TypeNominal",
                    "name": "Int",
                    "printedName": "Swift.Int",
                    "usr": "s:Si"
                  }
                ]
              }
            ],
            "usr": "s:SY",
            "mangledName": "$sSY"
          }
        ]
      }
    ],
    "json_format_version": 8
  },
  "ConstValues": [
    {
      "filePath": "\/Users\/masakiando\/Dropbox\/dev\/repo\/libs\/LoggingViewKit\/LoggingViewKit\/LoggingViewKit\/LVKCounter.swift",
      "kind": "StringLiteral",
      "offset": 198,
      "length": 10,
      "value": "\"LoggingViewKit.LVKCounter\""
    },
    {
      "filePath": "\/Users\/masakiando\/Dropbox\/dev\/repo\/libs\/LoggingViewKit\/LoggingViewKit\/LoggingViewKit\/LVKLoggerSwift.swift",
      "kind": "BooleanLiteral",
      "offset": 542,
      "length": 4,
      "value": "true"
    },
    {
      "filePath": "\/Users\/masakiando\/Dropbox\/dev\/repo\/libs\/LoggingViewKit\/LoggingViewKit\/LoggingViewKit\/LVKIncrementCondition.swift",
      "kind": "IntegerLiteral",
      "offset": 465,
      "length": 8,
      "value": "1"
    },
    {
      "filePath": "\/Users\/masakiando\/Dropbox\/dev\/repo\/libs\/LoggingViewKit\/LoggingViewKit\/LoggingViewKit\/LVKIncrementCondition.swift",
      "kind": "IntegerLiteral",
      "offset": 465,
      "length": 8,
      "value": "1"
    }
  ]
}